x-axis,1
second,Volt
-996.00E-06,-3.01508E-03
-995.00E-06,-502.51E-06
-994.00E-06,-3.51759E-03
-993.00E-06,-3.51759E-03
-992.00E-06,-4.52261E-03
-991.00E-06,-502.51E-06
-990.00E-06,+0.0E+00
-989.00E-06,-502.51E-06
-988.00E-06,-3.51759E-03
-987.00E-06,-3.51759E-03
-986.00E-06,-3.51759E-03
-985.00E-06,-502.51E-06
-984.00E-06,+502.51E-06
-983.00E-06,+0.0E+00
-982.00E-06,+0.0E+00
-981.00E-06,-3.51759E-03
-980.00E-06,-4.02010E-03
-979.00E-06,-4.02010E-03
-978.00E-06,-3.51759E-03
-977.00E-06,-502.51E-06
-976.00E-06,-4.02010E-03
-975.00E-06,-3.51759E-03
-974.00E-06,-4.02010E-03
-973.00E-06,+0.0E+00
-972.00E-06,-3.51759E-03
-971.00E-06,-3.51759E-03
-970.00E-06,+0.0E+00
-969.00E-06,-3.51759E-03
-968.00E-06,-3.01508E-03
-967.00E-06,-3.51759E-03
-966.00E-06,-3.51759E-03
-965.00E-06,-4.02010E-03
-964.00E-06,+502.51E-06
-963.00E-06,-3.51759E-03
-962.00E-06,+3.51759E-03
-961.00E-06,-3.51759E-03
-960.00E-06,+0.0E+00
-959.00E-06,+0.0E+00
-958.00E-06,-3.51759E-03
-957.00E-06,-502.51E-06
-956.00E-06,+0.0E+00
-955.00E-06,+502.51E-06
-954.00E-06,-4.02010E-03
-953.00E-06,-502.51E-06
-952.00E-06,+0.0E+00
-951.00E-06,-502.51E-06
-950.00E-06,-3.01508E-03
-949.00E-06,+0.0E+00
-948.00E-06,+0.0E+00
-947.00E-06,+0.0E+00
-946.00E-06,+0.0E+00
-945.00E-06,-502.51E-06
-944.00E-06,+0.0E+00
-943.00E-06,+0.0E+00
-942.00E-06,-7.53769E-03
-941.00E-06,-4.02010E-03
-940.00E-06,+0.0E+00
-939.00E-06,-4.02010E-03
-938.00E-06,-3.51759E-03
-937.00E-06,+0.0E+00
-936.00E-06,-4.02010E-03
-935.00E-06,-502.51E-06
-934.00E-06,-4.02010E-03
-933.00E-06,+3.51759E-03
-932.00E-06,-3.51759E-03
-931.00E-06,-3.51759E-03
-930.00E-06,-3.51759E-03
-929.00E-06,+0.0E+00
-928.00E-06,+0.0E+00
-927.00E-06,+0.0E+00
-926.00E-06,+0.0E+00
-925.00E-06,-4.02010E-03
-924.00E-06,-4.02010E-03
-923.00E-06,+0.0E+00
-922.00E-06,-502.51E-06
-921.00E-06,-3.51759E-03
-920.00E-06,-502.51E-06
-919.00E-06,-502.51E-06
-918.00E-06,+0.0E+00
-917.00E-06,+0.0E+00
-916.00E-06,-4.02010E-03
-915.00E-06,-3.51759E-03
-914.00E-06,-4.02010E-03
-913.00E-06,+0.0E+00
-912.00E-06,-3.51759E-03
-911.00E-06,-4.02010E-03
-910.00E-06,-502.51E-06
-909.00E-06,-502.51E-06
-908.00E-06,+0.0E+00
-907.00E-06,-4.02010E-03
-906.00E-06,-502.51E-06
-905.00E-06,-502.51E-06
-904.00E-06,-4.52261E-03
-903.00E-06,-3.51759E-03
-902.00E-06,-502.51E-06
-901.00E-06,-3.51759E-03
-900.00E-06,-4.02010E-03
-899.00E-06,-4.02010E-03
-898.00E-06,-4.02010E-03
-897.00E-06,-3.51759E-03
-896.00E-06,-3.51759E-03
-895.00E-06,-3.51759E-03
-894.00E-06,+0.0E+00
-893.00E-06,+3.51759E-03
-892.00E-06,+0.0E+00
-891.00E-06,-502.51E-06
-890.00E-06,-502.51E-06
-889.00E-06,+0.0E+00
-888.00E-06,-4.02010E-03
-887.00E-06,-4.02010E-03
-886.00E-06,+0.0E+00
-885.00E-06,+0.0E+00
-884.00E-06,-4.02010E-03
-883.00E-06,+0.0E+00
-882.00E-06,+0.0E+00
-881.00E-06,-4.02010E-03
-880.00E-06,-4.02010E-03
-879.00E-06,+0.0E+00
-878.00E-06,-7.53769E-03
-877.00E-06,+502.51E-06
-876.00E-06,+0.0E+00
-875.00E-06,+502.51E-06
-874.00E-06,+0.0E+00
-873.00E-06,+0.0E+00
-872.00E-06,+4.02010E-03
-871.00E-06,+3.01508E-03
-870.00E-06,-502.51E-06
-869.00E-06,-3.01508E-03
-868.00E-06,-4.02010E-03
-867.00E-06,-3.51759E-03
-866.00E-06,+3.51759E-03
-865.00E-06,+3.51759E-03
-864.00E-06,-3.01508E-03
-863.00E-06,-3.51759E-03
-862.00E-06,+0.0E+00
-861.00E-06,+0.0E+00
-860.00E-06,-7.53769E-03
-859.00E-06,-502.51E-06
-858.00E-06,-502.51E-06
-857.00E-06,-502.51E-06
-856.00E-06,-3.51759E-03
-855.00E-06,-502.51E-06
-854.00E-06,-502.51E-06
-853.00E-06,+0.0E+00
-852.00E-06,+3.51759E-03
-851.00E-06,-3.51759E-03
-850.00E-06,-4.52261E-03
-849.00E-06,+0.0E+00
-848.00E-06,-3.51759E-03
-847.00E-06,+0.0E+00
-846.00E-06,-502.51E-06
-845.00E-06,-4.02010E-03
-844.00E-06,-3.51759E-03
-843.00E-06,+0.0E+00
-842.00E-06,-3.51759E-03
-841.00E-06,-4.02010E-03
-840.00E-06,-4.02010E-03
-839.00E-06,-4.02010E-03
-838.00E-06,-502.51E-06
-837.00E-06,-4.02010E-03
-836.00E-06,-4.02010E-03
-835.00E-06,-4.02010E-03
-834.00E-06,-4.02010E-03
-833.00E-06,-4.02010E-03
-832.00E-06,-4.02010E-03
-831.00E-06,-4.02010E-03
-830.00E-06,-502.51E-06
-829.00E-06,-3.51759E-03
-828.00E-06,+502.51E-06
-827.00E-06,-4.02010E-03
-826.00E-06,-3.51759E-03
-825.00E-06,+3.01508E-03
-824.00E-06,+0.0E+00
-823.00E-06,-502.51E-06
-822.00E-06,+0.0E+00
-821.00E-06,-4.02010E-03
-820.00E-06,+0.0E+00
-819.00E-06,-3.51759E-03
-818.00E-06,-4.02010E-03
-817.00E-06,-3.51759E-03
-816.00E-06,-4.02010E-03
-815.00E-06,-4.02010E-03
-814.00E-06,-4.02010E-03
-813.00E-06,-4.02010E-03
-812.00E-06,+0.0E+00
-811.00E-06,-502.51E-06
-810.00E-06,+0.0E+00
-809.00E-06,-3.51759E-03
-808.00E-06,+0.0E+00
-807.00E-06,+3.51759E-03
-806.00E-06,+0.0E+00
-805.00E-06,-3.01508E-03
-804.00E-06,+0.0E+00
-803.00E-06,-502.51E-06
-802.00E-06,-3.01508E-03
-801.00E-06,-3.51759E-03
-800.00E-06,+0.0E+00
-799.00E-06,-3.51759E-03
-798.00E-06,-3.51759E-03
-797.00E-06,-3.51759E-03
-796.00E-06,-4.02010E-03
-795.00E-06,+0.0E+00
-794.00E-06,-4.02010E-03
-793.00E-06,-502.51E-06
-792.00E-06,-4.02010E-03
-791.00E-06,-4.02010E-03
-790.00E-06,-4.02010E-03
-789.00E-06,-502.51E-06
-788.00E-06,+0.0E+00
-787.00E-06,-4.02010E-03
-786.00E-06,-3.51759E-03
-785.00E-06,+0.0E+00
-784.00E-06,-502.51E-06
-783.00E-06,-4.52261E-03
-782.00E-06,-502.51E-06
-781.00E-06,-4.02010E-03
-780.00E-06,-502.51E-06
-779.00E-06,-4.02010E-03
-778.00E-06,-7.53769E-03
-777.00E-06,-4.52261E-03
-776.00E-06,-502.51E-06
-775.00E-06,+3.51759E-03
-774.00E-06,-4.02010E-03
-773.00E-06,+0.0E+00
-772.00E-06,+2.51256E-03
-771.00E-06,+3.01508E-03
-770.00E-06,-3.51759E-03
-769.00E-06,-502.51E-06
-768.00E-06,-4.02010E-03
-767.00E-06,+0.0E+00
-766.00E-06,-7.53769E-03
-765.00E-06,-3.51759E-03
-764.00E-06,-3.51759E-03
-763.00E-06,+0.0E+00
-762.00E-06,-3.51759E-03
-761.00E-06,-4.02010E-03
-760.00E-06,-4.02010E-03
-759.00E-06,-3.51759E-03
-758.00E-06,+502.51E-06
-757.00E-06,-502.51E-06
-756.00E-06,-502.51E-06
-755.00E-06,+0.0E+00
-754.00E-06,-3.51759E-03
-753.00E-06,-7.03518E-03
-752.00E-06,-3.51759E-03
-751.00E-06,-3.51759E-03
-750.00E-06,-502.51E-06
-749.00E-06,-3.01508E-03
-748.00E-06,-502.51E-06
-747.00E-06,-4.02010E-03
-746.00E-06,-502.51E-06
-745.00E-06,-1.00503E-03
-744.00E-06,-4.02010E-03
-743.00E-06,-502.51E-06
-742.00E-06,-4.02010E-03
-741.00E-06,-4.02010E-03
-740.00E-06,-4.02010E-03
-739.00E-06,-7.03518E-03
-738.00E-06,+0.0E+00
-737.00E-06,-3.51759E-03
-736.00E-06,-4.02010E-03
-735.00E-06,-4.02010E-03
-734.00E-06,-3.51759E-03
-733.00E-06,-1.00503E-03
-732.00E-06,-1.00503E-03
-731.00E-06,-3.51759E-03
-730.00E-06,-502.51E-06
-729.00E-06,-4.02010E-03
-728.00E-06,+0.0E+00
-727.00E-06,-3.51759E-03
-726.00E-06,-3.51759E-03
-725.00E-06,-502.51E-06
-724.00E-06,+0.0E+00
-723.00E-06,-3.51759E-03
-722.00E-06,-7.53769E-03
-721.00E-06,+3.01508E-03
-720.00E-06,-3.51759E-03
-719.00E-06,-4.02010E-03
-718.00E-06,+0.0E+00
-717.00E-06,+0.0E+00
-716.00E-06,+3.51759E-03
-715.00E-06,+0.0E+00
-714.00E-06,-7.03518E-03
-713.00E-06,-4.02010E-03
-712.00E-06,+0.0E+00
-711.00E-06,-4.02010E-03
-710.00E-06,-502.51E-06
-709.00E-06,+3.51759E-03
-708.00E-06,+4.02010E-03
-707.00E-06,+0.0E+00
-706.00E-06,-4.02010E-03
-705.00E-06,-3.51759E-03
-704.00E-06,-3.51759E-03
-703.00E-06,-502.51E-06
-702.00E-06,-4.02010E-03
-701.00E-06,-1.00503E-03
-700.00E-06,+502.51E-06
-699.00E-06,-502.51E-06
-698.00E-06,+0.0E+00
-697.00E-06,-3.51759E-03
-696.00E-06,-502.51E-06
-695.00E-06,-4.02010E-03
-694.00E-06,-502.51E-06
-693.00E-06,-4.02010E-03
-692.00E-06,-3.51759E-03
-691.00E-06,-3.51759E-03
-690.00E-06,+0.0E+00
-689.00E-06,+3.51759E-03
-688.00E-06,-4.52261E-03
-687.00E-06,-3.51759E-03
-686.00E-06,-502.51E-06
-685.00E-06,-4.02010E-03
-684.00E-06,-502.51E-06
-683.00E-06,-4.02010E-03
-682.00E-06,-4.02010E-03
-681.00E-06,-502.51E-06
-680.00E-06,-3.51759E-03
-679.00E-06,-4.02010E-03
-678.00E-06,+0.0E+00
-677.00E-06,+0.0E+00
-676.00E-06,-502.51E-06
-675.00E-06,-502.51E-06
-674.00E-06,+0.0E+00
-673.00E-06,+3.01508E-03
-672.00E-06,-4.02010E-03
-671.00E-06,+0.0E+00
-670.00E-06,-502.51E-06
-669.00E-06,+0.0E+00
-668.00E-06,-502.51E-06
-667.00E-06,+0.0E+00
-666.00E-06,+0.0E+00
-665.00E-06,-4.52261E-03
-664.00E-06,-502.51E-06
-663.00E-06,+0.0E+00
-662.00E-06,-4.02010E-03
-661.00E-06,+0.0E+00
-660.00E-06,-4.02010E-03
-659.00E-06,-3.51759E-03
-658.00E-06,-502.51E-06
-657.00E-06,-4.02010E-03
-656.00E-06,+0.0E+00
-655.00E-06,+0.0E+00
-654.00E-06,+3.51759E-03
-653.00E-06,-4.02010E-03
-652.00E-06,-3.51759E-03
-651.00E-06,+0.0E+00
-650.00E-06,-4.02010E-03
-649.00E-06,-3.51759E-03
-648.00E-06,-4.02010E-03
-647.00E-06,-3.51759E-03
-646.00E-06,-3.51759E-03
-645.00E-06,+3.51759E-03
-644.00E-06,+0.0E+00
-643.00E-06,-1.00503E-03
-642.00E-06,-3.51759E-03
-641.00E-06,-502.51E-06
-640.00E-06,-502.51E-06
-639.00E-06,-3.51759E-03
-638.00E-06,-3.51759E-03
-637.00E-06,-3.51759E-03
-636.00E-06,-4.02010E-03
-635.00E-06,-502.51E-06
-634.00E-06,+0.0E+00
-633.00E-06,-3.51759E-03
-632.00E-06,-3.51759E-03
-631.00E-06,-502.51E-06
-630.00E-06,+0.0E+00
-629.00E-06,-502.51E-06
-628.00E-06,+0.0E+00
-627.00E-06,+4.02010E-03
-626.00E-06,+4.02010E-03
-625.00E-06,-502.51E-06
-624.00E-06,-7.03518E-03
-623.00E-06,+0.0E+00
-622.00E-06,-3.01508E-03
-621.00E-06,-502.51E-06
-620.00E-06,-3.51759E-03
-619.00E-06,-3.51759E-03
-618.00E-06,-502.51E-06
-617.00E-06,+0.0E+00
-616.00E-06,-502.51E-06
-615.00E-06,+0.0E+00
-614.00E-06,-4.02010E-03
-613.00E-06,-502.51E-06
-612.00E-06,+0.0E+00
-611.00E-06,-3.01508E-03
-610.00E-06,-4.02010E-03
-609.00E-06,-4.02010E-03
-608.00E-06,-502.51E-06
-607.00E-06,+0.0E+00
-606.00E-06,+0.0E+00
-605.00E-06,+502.51E-06
-604.00E-06,-4.02010E-03
-603.00E-06,+502.51E-06
-602.00E-06,-3.51759E-03
-601.00E-06,-4.02010E-03
-600.00E-06,-502.51E-06
-599.00E-06,-4.02010E-03
-598.00E-06,+0.0E+00
-597.00E-06,-1.00503E-03
-596.00E-06,-3.51759E-03
-595.00E-06,-3.51759E-03
-594.00E-06,-4.02010E-03
-593.00E-06,-502.51E-06
-592.00E-06,-4.02010E-03
-591.00E-06,+3.01508E-03
-590.00E-06,-3.51759E-03
-589.00E-06,+0.0E+00
-588.00E-06,+0.0E+00
-587.00E-06,-4.02010E-03
-586.00E-06,-502.51E-06
-585.00E-06,+0.0E+00
-584.00E-06,-3.51759E-03
-583.00E-06,+0.0E+00
-582.00E-06,-502.51E-06
-581.00E-06,-502.51E-06
-580.00E-06,-6.53266E-03
-579.00E-06,+0.0E+00
-578.00E-06,-4.02010E-03
-577.00E-06,-4.02010E-03
-576.00E-06,-3.51759E-03
-575.00E-06,-4.02010E-03
-574.00E-06,-502.51E-06
-573.00E-06,-3.51759E-03
-572.00E-06,-4.02010E-03
-571.00E-06,-502.51E-06
-570.00E-06,-3.51759E-03
-569.00E-06,-3.51759E-03
-568.00E-06,-3.51759E-03
-567.00E-06,-502.51E-06
-566.00E-06,-3.51759E-03
-565.00E-06,-3.51759E-03
-564.00E-06,-4.02010E-03
-563.00E-06,-4.02010E-03
-562.00E-06,-3.51759E-03
-561.00E-06,+0.0E+00
-560.00E-06,-4.02010E-03
-559.00E-06,+0.0E+00
-558.00E-06,-502.51E-06
-557.00E-06,-3.51759E-03
-556.00E-06,+502.51E-06
-555.00E-06,+0.0E+00
-554.00E-06,-3.51759E-03
-553.00E-06,-3.51759E-03
-552.00E-06,+0.0E+00
-551.00E-06,+502.51E-06
-550.00E-06,+0.0E+00
-549.00E-06,-3.51759E-03
-548.00E-06,+3.01508E-03
-547.00E-06,-3.51759E-03
-546.00E-06,+0.0E+00
-545.00E-06,-3.51759E-03
-544.00E-06,-4.02010E-03
-543.00E-06,+0.0E+00
-542.00E-06,+3.01508E-03
-541.00E-06,-3.51759E-03
-540.00E-06,+3.51759E-03
-539.00E-06,-502.51E-06
-538.00E-06,-3.01508E-03
-537.00E-06,+0.0E+00
-536.00E-06,+0.0E+00
-535.00E-06,+0.0E+00
-534.00E-06,-3.51759E-03
-533.00E-06,+4.02010E-03
-532.00E-06,-3.51759E-03
-531.00E-06,+0.0E+00
-530.00E-06,-4.02010E-03
-529.00E-06,+0.0E+00
-528.00E-06,-502.51E-06
-527.00E-06,+502.51E-06
-526.00E-06,+0.0E+00
-525.00E-06,-3.51759E-03
-524.00E-06,+0.0E+00
-523.00E-06,-4.02010E-03
-522.00E-06,+0.0E+00
-521.00E-06,-502.51E-06
-520.00E-06,-502.51E-06
-519.00E-06,+0.0E+00
-518.00E-06,+4.02010E-03
-517.00E-06,-3.01508E-03
-516.00E-06,-4.02010E-03
-515.00E-06,+0.0E+00
-514.00E-06,+0.0E+00
-513.00E-06,+0.0E+00
-512.00E-06,-502.51E-06
-511.00E-06,-3.51759E-03
-510.00E-06,-7.03518E-03
-509.00E-06,-3.51759E-03
-508.00E-06,-3.51759E-03
-507.00E-06,-3.51759E-03
-506.00E-06,-502.51E-06
-505.00E-06,-3.51759E-03
-504.00E-06,+0.0E+00
-503.00E-06,-3.01508E-03
-502.00E-06,-502.51E-06
-501.00E-06,-3.01508E-03
-500.00E-06,-502.51E-06
-499.00E-06,+0.0E+00
-498.00E-06,-3.51759E-03
-497.00E-06,-3.51759E-03
-496.00E-06,+0.0E+00
-495.00E-06,+0.0E+00
-494.00E-06,+0.0E+00
-493.00E-06,-4.52261E-03
-492.00E-06,+502.51E-06
-491.00E-06,-3.51759E-03
-490.00E-06,-4.02010E-03
-489.00E-06,-4.02010E-03
-488.00E-06,-3.51759E-03
-487.00E-06,-4.02010E-03
-486.00E-06,+0.0E+00
-485.00E-06,-3.51759E-03
-484.00E-06,-4.02010E-03
-483.00E-06,-4.02010E-03
-482.00E-06,-4.02010E-03
-481.00E-06,+0.0E+00
-480.00E-06,-3.51759E-03
-479.00E-06,+0.0E+00
-478.00E-06,-4.02010E-03
-477.00E-06,-1.00503E-03
-476.00E-06,+0.0E+00
-475.00E-06,-3.51759E-03
-474.00E-06,-3.01508E-03
-473.00E-06,-3.51759E-03
-472.00E-06,+0.0E+00
-471.00E-06,-3.01508E-03
-470.00E-06,+0.0E+00
-469.00E-06,+502.51E-06
-468.00E-06,-502.51E-06
-467.00E-06,-3.51759E-03
-466.00E-06,-4.02010E-03
-465.00E-06,-4.02010E-03
-464.00E-06,-502.51E-06
-463.00E-06,+3.01508E-03
-462.00E-06,+0.0E+00
-461.00E-06,-7.53769E-03
-460.00E-06,+0.0E+00
-459.00E-06,+0.0E+00
-458.00E-06,-502.51E-06
-457.00E-06,-3.51759E-03
-456.00E-06,+0.0E+00
-455.00E-06,-3.51759E-03
-454.00E-06,-3.01508E-03
-453.00E-06,-4.52261E-03
-452.00E-06,-4.02010E-03
-451.00E-06,-4.02010E-03
-450.00E-06,-3.51759E-03
-449.00E-06,-4.02010E-03
-448.00E-06,-3.51759E-03
-447.00E-06,-4.02010E-03
-446.00E-06,-3.51759E-03
-445.00E-06,-502.51E-06
-444.00E-06,-502.51E-06
-443.00E-06,+3.51759E-03
-442.00E-06,-502.51E-06
-441.00E-06,+0.0E+00
-440.00E-06,+0.0E+00
-439.00E-06,+0.0E+00
-438.00E-06,+3.01508E-03
-437.00E-06,+0.0E+00
-436.00E-06,-4.02010E-03
-435.00E-06,-502.51E-06
-434.00E-06,+0.0E+00
-433.00E-06,+0.0E+00
-432.00E-06,+0.0E+00
-431.00E-06,+0.0E+00
-430.00E-06,-3.51759E-03
-429.00E-06,+0.0E+00
-428.00E-06,+0.0E+00
-427.00E-06,-4.02010E-03
-426.00E-06,-3.51759E-03
-425.00E-06,+0.0E+00
-424.00E-06,-3.51759E-03
-423.00E-06,-502.51E-06
-422.00E-06,-502.51E-06
-421.00E-06,-4.02010E-03
-420.00E-06,+0.0E+00
-419.00E-06,-3.51759E-03
-418.00E-06,+0.0E+00
-417.00E-06,+0.0E+00
-416.00E-06,-4.02010E-03
-415.00E-06,+0.0E+00
-414.00E-06,-7.53769E-03
-413.00E-06,-3.51759E-03
-412.00E-06,-502.51E-06
-411.00E-06,+0.0E+00
-410.00E-06,-3.51759E-03
-409.00E-06,+3.51759E-03
-408.00E-06,-4.02010E-03
-407.00E-06,-502.51E-06
-406.00E-06,+0.0E+00
-405.00E-06,-4.02010E-03
-404.00E-06,+3.01508E-03
-403.00E-06,+0.0E+00
-402.00E-06,-3.01508E-03
-401.00E-06,-3.51759E-03
-400.00E-06,-502.51E-06
-399.00E-06,-4.02010E-03
-398.00E-06,+4.02010E-03
-397.00E-06,-4.02010E-03
-396.00E-06,-3.01508E-03
-395.00E-06,-502.51E-06
-394.00E-06,+0.0E+00
-393.00E-06,+0.0E+00
-392.00E-06,+0.0E+00
-391.00E-06,-4.02010E-03
-390.00E-06,-502.51E-06
-389.00E-06,+0.0E+00
-388.00E-06,+0.0E+00
-387.00E-06,-3.51759E-03
-386.00E-06,-4.02010E-03
-385.00E-06,-502.51E-06
-384.00E-06,+0.0E+00
-383.00E-06,-4.02010E-03
-382.00E-06,-3.51759E-03
-381.00E-06,+0.0E+00
-380.00E-06,-7.03518E-03
-379.00E-06,-4.02010E-03
-378.00E-06,-3.51759E-03
-377.00E-06,+0.0E+00
-376.00E-06,+0.0E+00
-375.00E-06,+0.0E+00
-374.00E-06,-4.02010E-03
-373.00E-06,-4.02010E-03
-372.00E-06,+3.51759E-03
-371.00E-06,+0.0E+00
-370.00E-06,-6.53266E-03
-369.00E-06,+0.0E+00
-368.00E-06,-502.51E-06
-367.00E-06,-4.02010E-03
-366.00E-06,-502.51E-06
-365.00E-06,-4.02010E-03
-364.00E-06,-502.51E-06
-363.00E-06,+4.02010E-03
-362.00E-06,-7.53769E-03
-361.00E-06,-4.02010E-03
-360.00E-06,+3.51759E-03
-359.00E-06,+3.51759E-03
-358.00E-06,+502.51E-06
-357.00E-06,+502.51E-06
-356.00E-06,-3.51759E-03
-355.00E-06,-502.51E-06
-354.00E-06,-502.51E-06
-353.00E-06,-4.02010E-03
-352.00E-06,+502.51E-06
-351.00E-06,-502.51E-06
-350.00E-06,-3.51759E-03
-349.00E-06,-502.51E-06
-348.00E-06,-3.51759E-03
-347.00E-06,-502.51E-06
-346.00E-06,-4.02010E-03
-345.00E-06,-4.02010E-03
-344.00E-06,-502.51E-06
-343.00E-06,-7.53769E-03
-342.00E-06,-1.00503E-03
-341.00E-06,-502.51E-06
-340.00E-06,+0.0E+00
-339.00E-06,-4.02010E-03
-338.00E-06,-502.51E-06
-337.00E-06,-4.02010E-03
-336.00E-06,-4.02010E-03
-335.00E-06,-4.02010E-03
-334.00E-06,-4.02010E-03
-333.00E-06,+0.0E+00
-332.00E-06,+0.0E+00
-331.00E-06,-502.51E-06
-330.00E-06,-7.03518E-03
-329.00E-06,+0.0E+00
-328.00E-06,-3.51759E-03
-327.00E-06,+0.0E+00
-326.00E-06,+0.0E+00
-325.00E-06,-502.51E-06
-324.00E-06,+0.0E+00
-323.00E-06,-4.02010E-03
-322.00E-06,+0.0E+00
-321.00E-06,+0.0E+00
-320.00E-06,+0.0E+00
-319.00E-06,+3.51759E-03
-318.00E-06,-3.01508E-03
-317.00E-06,-502.51E-06
-316.00E-06,+0.0E+00
-315.00E-06,+0.0E+00
-314.00E-06,+3.51759E-03
-313.00E-06,-502.51E-06
-312.00E-06,+0.0E+00
-311.00E-06,-4.02010E-03
-310.00E-06,+0.0E+00
-309.00E-06,-502.51E-06
-308.00E-06,+0.0E+00
-307.00E-06,+0.0E+00
-306.00E-06,-4.02010E-03
-305.00E-06,-502.51E-06
-304.00E-06,+0.0E+00
-303.00E-06,-3.51759E-03
-302.00E-06,+0.0E+00
-301.00E-06,-502.51E-06
-300.00E-06,-4.02010E-03
-299.00E-06,-502.51E-06
-298.00E-06,-502.51E-06
-297.00E-06,+0.0E+00
-296.00E-06,+0.0E+00
-295.00E-06,-3.51759E-03
-294.00E-06,-502.51E-06
-293.00E-06,-502.51E-06
-292.00E-06,-3.51759E-03
-291.00E-06,-4.02010E-03
-290.00E-06,+0.0E+00
-289.00E-06,-3.51759E-03
-288.00E-06,-4.02010E-03
-287.00E-06,+0.0E+00
-286.00E-06,-4.02010E-03
-285.00E-06,-3.51759E-03
-284.00E-06,+0.0E+00
-283.00E-06,-4.02010E-03
-282.00E-06,-3.51759E-03
-281.00E-06,-4.52261E-03
-280.00E-06,-502.51E-06
-279.00E-06,+0.0E+00
-278.00E-06,+0.0E+00
-277.00E-06,-3.51759E-03
-276.00E-06,-502.51E-06
-275.00E-06,+3.01508E-03
-274.00E-06,+0.0E+00
-273.00E-06,+502.51E-06
-272.00E-06,+0.0E+00
-271.00E-06,-3.51759E-03
-270.00E-06,+0.0E+00
-269.00E-06,-4.02010E-03
-268.00E-06,-3.51759E-03
-267.00E-06,+0.0E+00
-266.00E-06,-4.02010E-03
-265.00E-06,+0.0E+00
-264.00E-06,-4.02010E-03
-263.00E-06,-502.51E-06
-262.00E-06,+0.0E+00
-261.00E-06,+3.01508E-03
-260.00E-06,-502.51E-06
-259.00E-06,-3.51759E-03
-258.00E-06,-4.02010E-03
-257.00E-06,-4.02010E-03
-256.00E-06,+0.0E+00
-255.00E-06,+502.51E-06
-254.00E-06,-4.02010E-03
-253.00E-06,-3.51759E-03
-252.00E-06,-3.51759E-03
-251.00E-06,+0.0E+00
-250.00E-06,-4.02010E-03
-249.00E-06,-502.51E-06
-248.00E-06,-3.51759E-03
-247.00E-06,-3.51759E-03
-246.00E-06,+0.0E+00
-245.00E-06,-502.51E-06
-244.00E-06,+502.51E-06
-243.00E-06,-3.51759E-03
-242.00E-06,-3.51759E-03
-241.00E-06,-4.02010E-03
-240.00E-06,-4.02010E-03
-239.00E-06,-4.02010E-03
-238.00E-06,-502.51E-06
-237.00E-06,+0.0E+00
-236.00E-06,-4.02010E-03
-235.00E-06,-502.51E-06
-234.00E-06,-3.51759E-03
-233.00E-06,+0.0E+00
-232.00E-06,-3.51759E-03
-231.00E-06,+0.0E+00
-230.00E-06,+0.0E+00
-229.00E-06,-3.51759E-03
-228.00E-06,-4.02010E-03
-227.00E-06,-502.51E-06
-226.00E-06,+0.0E+00
-225.00E-06,+11.55779E-03
-224.00E-06,+17.08543E-03
-223.00E-06,+28.14070E-03
-222.00E-06,+32.16080E-03
-221.00E-06,+44.22111E-03
-220.00E-06,+48.24121E-03
-219.00E-06,+52.26131E-03
-218.00E-06,+60.30151E-03
-217.00E-06,+57.28643E-03
-216.00E-06,+59.79899E-03
-215.00E-06,+52.76382E-03
-214.00E-06,+52.76382E-03
-213.00E-06,+48.24121E-03
-212.00E-06,+48.24121E-03
-211.00E-06,+48.74372E-03
-210.00E-06,+48.24121E-03
-209.00E-06,+44.72362E-03
-208.00E-06,+48.24121E-03
-207.00E-06,+48.24121E-03
-206.00E-06,+44.72362E-03
-205.00E-06,+48.24121E-03
-204.00E-06,+51.75879E-03
-203.00E-06,+55.77889E-03
-202.00E-06,+56.28141E-03
-201.00E-06,+56.28141E-03
-200.00E-06,+60.30151E-03
-199.00E-06,+60.30151E-03
-198.00E-06,+63.81909E-03
-197.00E-06,+63.81909E-03
-196.00E-06,+60.80402E-03
-195.00E-06,+64.32161E-03
-194.00E-06,+63.81909E-03
-193.00E-06,+64.32161E-03
-192.00E-06,+64.32161E-03
-191.00E-06,+64.32161E-03
-190.00E-06,+67.83920E-03
-189.00E-06,+64.32161E-03
-188.00E-06,+71.85930E-03
-187.00E-06,+68.34171E-03
-186.00E-06,+68.34171E-03
-185.00E-06,+71.85930E-03
-184.00E-06,+68.84422E-03
-183.00E-06,+72.86432E-03
-182.00E-06,+76.38191E-03
-181.00E-06,+71.85930E-03
-180.00E-06,+76.38191E-03
-179.00E-06,+75.87940E-03
-178.00E-06,+76.38191E-03
-177.00E-06,+76.88442E-03
-176.00E-06,+76.88442E-03
-175.00E-06,+79.89950E-03
-174.00E-06,+76.88442E-03
-173.00E-06,+83.91960E-03
-172.00E-06,+80.40201E-03
-171.00E-06,+80.90452E-03
-170.00E-06,+83.91960E-03
-169.00E-06,+80.40201E-03
-168.00E-06,+84.42211E-03
-167.00E-06,+84.92462E-03
-166.00E-06,+80.90452E-03
-165.00E-06,+84.92462E-03
-164.00E-06,+84.42211E-03
-163.00E-06,+80.90452E-03
-162.00E-06,+88.44221E-03
-161.00E-06,+95.97990E-03
-160.00E-06,+96.48241E-03
-159.00E-06,+95.97990E-03
-158.00E-06,+88.94472E-03
-157.00E-06,+91.95980E-03
-156.00E-06,+95.47739E-03
-155.00E-06,+92.46231E-03
-154.00E-06,+96.48241E-03
-153.00E-06,+96.48241E-03
-152.00E-06,+96.48241E-03
-151.00E-06,+96.98492E-03
-150.00E-06,+96.48241E-03
-149.00E-06,+97.48744E-03
-148.00E-06,+103.51759E-03
-147.00E-06,+100.00000E-03
-146.00E-06,+104.52261E-03
-145.00E-06,+100.50251E-03
-144.00E-06,+104.02010E-03
-143.00E-06,+104.02010E-03
-142.00E-06,+105.52764E-03
-141.00E-06,+104.52261E-03
-140.00E-06,+109.04522E-03
-139.00E-06,+104.52261E-03
-138.00E-06,+108.04020E-03
-137.00E-06,+108.04020E-03
-136.00E-06,+108.54271E-03
-135.00E-06,+108.54271E-03
-134.00E-06,+112.56281E-03
-133.00E-06,+112.06030E-03
-132.00E-06,+109.04522E-03
-131.00E-06,+112.56281E-03
-130.00E-06,+109.54774E-03
-129.00E-06,+112.56281E-03
-128.00E-06,+113.06533E-03
-127.00E-06,+112.56281E-03
-126.00E-06,+113.06533E-03
-125.00E-06,+113.56784E-03
-124.00E-06,+109.04522E-03
-123.00E-06,+116.58291E-03
-122.00E-06,+120.60301E-03
-121.00E-06,+120.60301E-03
-120.00E-06,+124.62311E-03
-119.00E-06,+117.08543E-03
-118.00E-06,+120.60301E-03
-117.00E-06,+116.58291E-03
-116.00E-06,+120.60301E-03
-115.00E-06,+121.10553E-03
-114.00E-06,+120.60301E-03
-113.00E-06,+125.12563E-03
-112.00E-06,+124.12060E-03
-111.00E-06,+124.62311E-03
-110.00E-06,+128.14070E-03
-109.00E-06,+125.12563E-03
-108.00E-06,+124.62311E-03
-107.00E-06,+128.64321E-03
-106.00E-06,+128.64321E-03
-105.00E-06,+128.64321E-03
-104.00E-06,+132.16080E-03
-103.00E-06,+132.66332E-03
-102.00E-06,+129.14573E-03
-101.00E-06,+132.16080E-03
-100.00E-06,+132.66332E-03
-99.00E-06,+132.66332E-03
-98.00E-06,+136.18090E-03
-97.00E-06,+136.18090E-03
-96.00E-06,+133.16583E-03
-95.00E-06,+136.68342E-03
-94.00E-06,+136.68342E-03
-93.00E-06,+133.16583E-03
-92.00E-06,+140.20100E-03
-91.00E-06,+133.16583E-03
-90.00E-06,+140.20100E-03
-89.00E-06,+140.70352E-03
-88.00E-06,+140.70352E-03
-87.00E-06,+140.70352E-03
-86.00E-06,+140.20100E-03
-85.00E-06,+140.70352E-03
-84.00E-06,+144.22110E-03
-83.00E-06,+140.70352E-03
-82.00E-06,+144.72362E-03
-81.00E-06,+144.22110E-03
-80.00E-06,+140.70352E-03
-79.00E-06,+145.22613E-03
-78.00E-06,+144.72362E-03
-77.00E-06,+145.22613E-03
-76.00E-06,+145.22613E-03
-75.00E-06,+144.72362E-03
-74.00E-06,+148.74372E-03
-73.00E-06,+145.22613E-03
-72.00E-06,+148.74372E-03
-71.00E-06,+148.74372E-03
-70.00E-06,+152.76382E-03
-69.00E-06,+148.74372E-03
-68.00E-06,+152.76382E-03
-67.00E-06,+152.76382E-03
-66.00E-06,+156.78392E-03
-65.00E-06,+153.26633E-03
-64.00E-06,+156.78392E-03
-63.00E-06,+160.30151E-03
-62.00E-06,+153.26633E-03
-61.00E-06,+157.28643E-03
-60.00E-06,+160.80402E-03
-59.00E-06,+163.81909E-03
-58.00E-06,+160.30151E-03
-57.00E-06,+160.30151E-03
-56.00E-06,+160.30151E-03
-55.00E-06,+160.80402E-03
-54.00E-06,+164.32161E-03
-53.00E-06,+160.80402E-03
-52.00E-06,+161.30653E-03
-51.00E-06,+164.82412E-03
-50.00E-06,+168.34171E-03
-49.00E-06,+157.28643E-03
-48.00E-06,+160.80402E-03
-47.00E-06,+164.32161E-03
-46.00E-06,+164.82412E-03
-45.00E-06,+165.32663E-03
-44.00E-06,+168.34171E-03
-43.00E-06,+168.84422E-03
-42.00E-06,+165.32663E-03
-41.00E-06,+172.36181E-03
-40.00E-06,+168.84422E-03
-39.00E-06,+169.34673E-03
-38.00E-06,+168.84422E-03
-37.00E-06,+169.34673E-03
-36.00E-06,+172.36181E-03
-35.00E-06,+172.86432E-03
-34.00E-06,+176.38191E-03
-33.00E-06,+169.34673E-03
-32.00E-06,+175.87940E-03
-31.00E-06,+169.34673E-03
-30.00E-06,+176.88442E-03
-29.00E-06,+176.38191E-03
-28.00E-06,+176.88442E-03
-27.00E-06,+176.88442E-03
-26.00E-06,+180.90452E-03
-25.00E-06,+176.38191E-03
-24.00E-06,+180.90452E-03
-23.00E-06,+177.38693E-03
-22.00E-06,+183.91960E-03
-21.00E-06,+180.90452E-03
-20.00E-06,+181.40703E-03
-19.00E-06,+180.90452E-03
-18.00E-06,+180.90452E-03
-17.00E-06,+184.42211E-03
-16.00E-06,+184.42211E-03
-15.00E-06,+184.92462E-03
-14.00E-06,+184.92462E-03
-13.00E-06,+180.90452E-03
-12.00E-06,+181.40703E-03
-11.00E-06,+184.92462E-03
-10.00E-06,+185.42713E-03
-9.00E-06,+184.92462E-03
-8.00E-06,+188.94472E-03
-7.00E-06,+185.92965E-03
-6.00E-06,+192.96482E-03
-5.00E-06,+192.46231E-03
-4.00E-06,+188.44221E-03
-3.00E-06,+185.92965E-03
-2.00E-06,+196.48241E-03
-1.00E-06,+196.98492E-03
+0.0E+00,+196.48241E-03
+1.00E-06,+196.48241E-03
+2.00E-06,+193.46733E-03
+3.00E-06,+192.96482E-03
+4.00E-06,+196.48241E-03
+5.00E-06,+193.46733E-03
+6.00E-06,+196.98492E-03
+7.00E-06,+197.48744E-03
+8.00E-06,+196.98492E-03
+9.00E-06,+197.48744E-03
+10.00E-06,+200.50251E-03
+11.00E-06,+197.48744E-03
+12.00E-06,+200.00000E-03
+13.00E-06,+201.00502E-03
+14.00E-06,+201.50754E-03
+15.00E-06,+201.00502E-03
+16.00E-06,+201.00502E-03
+17.00E-06,+201.00502E-03
+18.00E-06,+204.02010E-03
+19.00E-06,+201.00502E-03
+20.00E-06,+201.00502E-03
+21.00E-06,+201.50754E-03
+22.00E-06,+201.50754E-03
+23.00E-06,+201.00502E-03
+24.00E-06,+204.52261E-03
+25.00E-06,+208.54271E-03
+26.00E-06,+205.02512E-03
+27.00E-06,+205.02512E-03
+28.00E-06,+209.54774E-03
+29.00E-06,+205.02512E-03
+30.00E-06,+205.52764E-03
+31.00E-06,+205.52764E-03
+32.00E-06,+212.56281E-03
+33.00E-06,+205.02512E-03
+34.00E-06,+209.04522E-03
+35.00E-06,+205.52764E-03
+36.00E-06,+209.04522E-03
+37.00E-06,+212.06030E-03
+38.00E-06,+216.58291E-03
+39.00E-06,+213.06532E-03
+40.00E-06,+209.54774E-03
+41.00E-06,+213.06532E-03
+42.00E-06,+209.54774E-03
+43.00E-06,+213.06532E-03
+44.00E-06,+213.56784E-03
+45.00E-06,+217.08542E-03
+46.00E-06,+216.58291E-03
+47.00E-06,+220.60301E-03
+48.00E-06,+217.08542E-03
+49.00E-06,+213.56784E-03
+50.00E-06,+217.08542E-03
+51.00E-06,+216.58291E-03
+52.00E-06,+220.60301E-03
+53.00E-06,+217.08542E-03
+54.00E-06,+221.10553E-03
+55.00E-06,+217.58794E-03
+56.00E-06,+217.08542E-03
+57.00E-06,+221.10553E-03
+58.00E-06,+221.60804E-03
+59.00E-06,+224.62311E-03
+60.00E-06,+221.10553E-03
+61.00E-06,+225.12563E-03
+62.00E-06,+221.10553E-03
+63.00E-06,+224.62311E-03
+64.00E-06,+221.10553E-03
+65.00E-06,+221.10553E-03
+66.00E-06,+224.62311E-03
+67.00E-06,+225.12563E-03
+68.00E-06,+228.64321E-03
+69.00E-06,+229.14573E-03
+70.00E-06,+232.66331E-03
+71.00E-06,+225.62814E-03
+72.00E-06,+228.64321E-03
+73.00E-06,+229.14573E-03
+74.00E-06,+228.64321E-03
+75.00E-06,+225.62814E-03
+76.00E-06,+225.62814E-03
+77.00E-06,+229.14573E-03
+78.00E-06,+225.12563E-03
+79.00E-06,+236.68341E-03
+80.00E-06,+233.16583E-03
+81.00E-06,+232.66331E-03
+82.00E-06,+233.16583E-03
+83.00E-06,+233.16583E-03
+84.00E-06,+233.16583E-03
+85.00E-06,+229.14573E-03
+86.00E-06,+233.16583E-03
+87.00E-06,+237.18593E-03
+88.00E-06,+236.68341E-03
+89.00E-06,+233.16583E-03
+90.00E-06,+233.16583E-03
+91.00E-06,+236.68341E-03
+92.00E-06,+237.18593E-03
+93.00E-06,+233.16583E-03
+94.00E-06,+233.66834E-03
+95.00E-06,+237.68844E-03
+96.00E-06,+237.18593E-03
+97.00E-06,+240.20100E-03
+98.00E-06,+241.20603E-03
+99.00E-06,+241.20603E-03
+100.00E-06,+237.18593E-03
+101.00E-06,+237.68844E-03
+102.00E-06,+241.20603E-03
+103.00E-06,+241.20603E-03
+104.00E-06,+241.20603E-03
+105.00E-06,+245.22613E-03
+106.00E-06,+240.70352E-03
+107.00E-06,+245.22613E-03
+108.00E-06,+245.22613E-03
+109.00E-06,+245.22613E-03
+110.00E-06,+241.70854E-03
+111.00E-06,+245.22613E-03
+112.00E-06,+245.22613E-03
+113.00E-06,+242.21105E-03
+114.00E-06,+245.72864E-03
+115.00E-06,+249.24623E-03
+116.00E-06,+248.74372E-03
+117.00E-06,+245.22613E-03
+118.00E-06,+249.74874E-03
+119.00E-06,+248.74372E-03
+120.00E-06,+248.74372E-03
+121.00E-06,+248.74372E-03
+122.00E-06,+248.74372E-03
+123.00E-06,+253.26633E-03
+124.00E-06,+249.24623E-03
+125.00E-06,+245.72864E-03
+126.00E-06,+249.74874E-03
+127.00E-06,+245.72864E-03
+128.00E-06,+249.74874E-03
+129.00E-06,+245.72864E-03
+130.00E-06,+249.24623E-03
+131.00E-06,+253.26633E-03
+132.00E-06,+249.74874E-03
+133.00E-06,+249.24623E-03
+134.00E-06,+249.24623E-03
+135.00E-06,+249.74874E-03
+136.00E-06,+245.22613E-03
+137.00E-06,+249.24623E-03
+138.00E-06,+249.24623E-03
+139.00E-06,+248.74372E-03
+140.00E-06,+245.72864E-03
+141.00E-06,+245.22613E-03
+142.00E-06,+241.70854E-03
+143.00E-06,+244.72362E-03
+144.00E-06,+245.22613E-03
+145.00E-06,+242.21105E-03
+146.00E-06,+237.68844E-03
+147.00E-06,+237.68844E-03
+148.00E-06,+237.68844E-03
+149.00E-06,+237.18593E-03
+150.00E-06,+233.66834E-03
+151.00E-06,+233.16583E-03
+152.00E-06,+232.66331E-03
+153.00E-06,+225.12563E-03
+154.00E-06,+225.12563E-03
+155.00E-06,+224.62311E-03
+156.00E-06,+214.07035E-03
+157.00E-06,+210.55276E-03
+158.00E-06,+213.06532E-03
+159.00E-06,+205.52764E-03
+160.00E-06,+204.52261E-03
+161.00E-06,+205.52764E-03
+162.00E-06,+201.00502E-03
+163.00E-06,+197.98995E-03
+164.00E-06,+201.00502E-03
+165.00E-06,+197.48744E-03
+166.00E-06,+196.98492E-03
+167.00E-06,+197.48744E-03
+168.00E-06,+204.52261E-03
+169.00E-06,+196.98492E-03
+170.00E-06,+200.50251E-03
+171.00E-06,+200.50251E-03
+172.00E-06,+197.48744E-03
+173.00E-06,+204.52261E-03
+174.00E-06,+201.00502E-03
+175.00E-06,+201.00502E-03
+176.00E-06,+201.00502E-03
+177.00E-06,+204.52261E-03
+178.00E-06,+200.50251E-03
+179.00E-06,+193.96985E-03
+180.00E-06,+196.98492E-03
+181.00E-06,+196.98492E-03
+182.00E-06,+196.98492E-03
+183.00E-06,+192.96482E-03
+184.00E-06,+196.98492E-03
+185.00E-06,+196.98492E-03
+186.00E-06,+189.94975E-03
+187.00E-06,+192.96482E-03
+188.00E-06,+193.46733E-03
+189.00E-06,+192.96482E-03
+190.00E-06,+188.94472E-03
+191.00E-06,+192.96482E-03
+192.00E-06,+188.94472E-03
+193.00E-06,+192.96482E-03
+194.00E-06,+188.44221E-03
+195.00E-06,+189.44723E-03
+196.00E-06,+192.96482E-03
+197.00E-06,+193.46733E-03
+198.00E-06,+188.94472E-03
+199.00E-06,+185.42713E-03
+200.00E-06,+185.42713E-03
+201.00E-06,+188.94472E-03
+202.00E-06,+184.92462E-03
+203.00E-06,+188.94472E-03
+204.00E-06,+187.93970E-03
+205.00E-06,+184.92462E-03
+206.00E-06,+181.40703E-03
+207.00E-06,+180.90452E-03
+208.00E-06,+184.92462E-03
+209.00E-06,+184.42211E-03
+210.00E-06,+184.92462E-03
+211.00E-06,+181.40703E-03
+212.00E-06,+180.90452E-03
+213.00E-06,+180.90452E-03
+214.00E-06,+177.38693E-03
+215.00E-06,+180.90452E-03
+216.00E-06,+177.38693E-03
+217.00E-06,+180.40201E-03
+218.00E-06,+173.36683E-03
+219.00E-06,+176.88442E-03
+220.00E-06,+177.38693E-03
+221.00E-06,+176.38191E-03
+222.00E-06,+172.86432E-03
+223.00E-06,+172.86432E-03
+224.00E-06,+173.36683E-03
+225.00E-06,+173.86934E-03
+226.00E-06,+176.38191E-03
+227.00E-06,+176.38191E-03
+228.00E-06,+169.34673E-03
+229.00E-06,+172.86432E-03
+230.00E-06,+169.34673E-03
+231.00E-06,+169.84924E-03
+232.00E-06,+176.88442E-03
+233.00E-06,+172.36181E-03
+234.00E-06,+168.84422E-03
+235.00E-06,+172.36181E-03
+236.00E-06,+167.83919E-03
+237.00E-06,+169.34673E-03
+238.00E-06,+165.32663E-03
+239.00E-06,+168.84422E-03
+240.00E-06,+168.34171E-03
+241.00E-06,+167.83919E-03
+242.00E-06,+168.34171E-03
+243.00E-06,+165.32663E-03
+244.00E-06,+164.82412E-03
+245.00E-06,+164.82412E-03
+246.00E-06,+161.80904E-03
+247.00E-06,+164.32161E-03
+248.00E-06,+157.28643E-03
+249.00E-06,+161.30653E-03
+250.00E-06,+160.30151E-03
+251.00E-06,+160.80402E-03
+252.00E-06,+161.30653E-03
+253.00E-06,+161.30653E-03
+254.00E-06,+160.30151E-03
+255.00E-06,+160.80402E-03
+256.00E-06,+157.28643E-03
+257.00E-06,+163.81909E-03
+258.00E-06,+157.28643E-03
+259.00E-06,+156.78392E-03
+260.00E-06,+156.78392E-03
+261.00E-06,+157.28643E-03
+262.00E-06,+153.76884E-03
+263.00E-06,+156.78392E-03
+264.00E-06,+153.26633E-03
+265.00E-06,+153.26633E-03
+266.00E-06,+156.28141E-03
+267.00E-06,+156.78392E-03
+268.00E-06,+153.26633E-03
+269.00E-06,+153.26633E-03
+270.00E-06,+152.76382E-03
+271.00E-06,+148.74372E-03
+272.00E-06,+149.24623E-03
+273.00E-06,+148.74372E-03
+274.00E-06,+156.28141E-03
+275.00E-06,+148.74372E-03
+276.00E-06,+152.76382E-03
+277.00E-06,+152.26130E-03
+278.00E-06,+144.72362E-03
+279.00E-06,+144.72362E-03
+280.00E-06,+144.72362E-03
+281.00E-06,+148.74372E-03
+282.00E-06,+148.74372E-03
+283.00E-06,+145.22613E-03
+284.00E-06,+148.24120E-03
+285.00E-06,+148.24120E-03
+286.00E-06,+137.68844E-03
+287.00E-06,+145.22613E-03
+288.00E-06,+148.24120E-03
+289.00E-06,+144.72362E-03
+290.00E-06,+144.72362E-03
+291.00E-06,+141.20603E-03
+292.00E-06,+144.22110E-03
+293.00E-06,+144.22110E-03
+294.00E-06,+140.70352E-03
+295.00E-06,+137.68844E-03
+296.00E-06,+136.68342E-03
+297.00E-06,+137.68844E-03
+298.00E-06,+140.20100E-03
+299.00E-06,+141.20603E-03
+300.00E-06,+140.70352E-03
+301.00E-06,+136.68342E-03
+302.00E-06,+136.18090E-03
+303.00E-06,+137.18593E-03
+304.00E-06,+136.18090E-03
+305.00E-06,+133.16583E-03
+306.00E-06,+140.20100E-03
+307.00E-06,+139.69849E-03
+308.00E-06,+140.20100E-03
+309.00E-06,+137.18593E-03
+310.00E-06,+133.16583E-03
+311.00E-06,+133.16583E-03
+312.00E-06,+133.16583E-03
+313.00E-06,+132.66332E-03
+314.00E-06,+133.16583E-03
+315.00E-06,+132.66332E-03
+316.00E-06,+136.18090E-03
+317.00E-06,+132.66332E-03
+318.00E-06,+132.66332E-03
+319.00E-06,+129.14573E-03
+320.00E-06,+132.16080E-03
+321.00E-06,+132.66332E-03
+322.00E-06,+128.64321E-03
+323.00E-06,+129.14573E-03
+324.00E-06,+132.16080E-03
+325.00E-06,+128.64321E-03
+326.00E-06,+128.14070E-03
+327.00E-06,+128.64321E-03
+328.00E-06,+128.64321E-03
+329.00E-06,+124.62311E-03
+330.00E-06,+128.14070E-03
+331.00E-06,+128.64321E-03
+332.00E-06,+125.62814E-03
+333.00E-06,+128.64321E-03
+334.00E-06,+124.62311E-03
+335.00E-06,+127.63819E-03
+336.00E-06,+121.10553E-03
+337.00E-06,+121.10553E-03
+338.00E-06,+125.12563E-03
+339.00E-06,+124.12060E-03
+340.00E-06,+121.10553E-03
+341.00E-06,+120.10050E-03
+342.00E-06,+120.60301E-03
+343.00E-06,+120.60301E-03
+344.00E-06,+120.60301E-03
+345.00E-06,+117.08543E-03
+346.00E-06,+117.08543E-03
+347.00E-06,+117.08543E-03
+348.00E-06,+117.08543E-03
+349.00E-06,+120.60301E-03
+350.00E-06,+120.10050E-03
+351.00E-06,+119.59799E-03
+352.00E-06,+120.60301E-03
+353.00E-06,+116.58291E-03
+354.00E-06,+116.58291E-03
+355.00E-06,+116.58291E-03
+356.00E-06,+120.60301E-03
+357.00E-06,+120.10050E-03
+358.00E-06,+113.06533E-03
+359.00E-06,+113.06533E-03
+360.00E-06,+113.06533E-03
+361.00E-06,+116.08040E-03
+362.00E-06,+113.06533E-03
+363.00E-06,+116.08040E-03
+364.00E-06,+112.06030E-03
+365.00E-06,+112.56281E-03
+366.00E-06,+109.04522E-03
+367.00E-06,+108.54271E-03
+368.00E-06,+112.56281E-03
+369.00E-06,+112.06030E-03
+370.00E-06,+108.54271E-03
+371.00E-06,+109.04522E-03
+372.00E-06,+112.56281E-03
+373.00E-06,+109.04522E-03
+374.00E-06,+112.56281E-03
+375.00E-06,+105.02512E-03
+376.00E-06,+108.54271E-03
+377.00E-06,+108.54271E-03
+378.00E-06,+104.52261E-03
+379.00E-06,+105.02512E-03
+380.00E-06,+104.52261E-03
+381.00E-06,+108.04020E-03
+382.00E-06,+108.04020E-03
+383.00E-06,+104.52261E-03
+384.00E-06,+104.52261E-03
+385.00E-06,+104.02010E-03
+386.00E-06,+104.52261E-03
+387.00E-06,+104.02010E-03
+388.00E-06,+100.50251E-03
+389.00E-06,+104.52261E-03
+390.00E-06,+104.52261E-03
+391.00E-06,+104.02010E-03
+392.00E-06,+101.50754E-03
+393.00E-06,+108.04020E-03
+394.00E-06,+104.52261E-03
+395.00E-06,+101.00502E-03
+396.00E-06,+101.00502E-03
+397.00E-06,+100.50251E-03
+398.00E-06,+96.98492E-03
+399.00E-06,+96.98492E-03
+400.00E-06,+100.50251E-03
+401.00E-06,+92.96482E-03
+402.00E-06,+96.48241E-03
+403.00E-06,+96.98492E-03
+404.00E-06,+100.00000E-03
+405.00E-06,+92.96482E-03
+406.00E-06,+100.00000E-03
+407.00E-06,+100.00000E-03
+408.00E-06,+92.96482E-03
+409.00E-06,+96.48241E-03
+410.00E-06,+100.00000E-03
+411.00E-06,+96.48241E-03
+412.00E-06,+100.00000E-03
+413.00E-06,+92.46231E-03
+414.00E-06,+95.97990E-03
+415.00E-06,+96.48241E-03
+416.00E-06,+95.97990E-03
+417.00E-06,+95.97990E-03
+418.00E-06,+95.47739E-03
+419.00E-06,+95.97990E-03
+420.00E-06,+92.46231E-03
+421.00E-06,+95.97990E-03
+422.00E-06,+95.97990E-03
+423.00E-06,+92.46231E-03
+424.00E-06,+92.46231E-03
+425.00E-06,+92.46231E-03
+426.00E-06,+95.47739E-03
+427.00E-06,+92.46231E-03
+428.00E-06,+88.94472E-03
+429.00E-06,+88.94472E-03
+430.00E-06,+92.46231E-03
+431.00E-06,+88.44221E-03
+432.00E-06,+91.95980E-03
+433.00E-06,+87.93970E-03
+434.00E-06,+87.93970E-03
+435.00E-06,+87.93970E-03
+436.00E-06,+91.45729E-03
+437.00E-06,+87.93970E-03
+438.00E-06,+88.44221E-03
+439.00E-06,+84.42211E-03
+440.00E-06,+88.44221E-03
+441.00E-06,+84.92462E-03
+442.00E-06,+84.42211E-03
+443.00E-06,+87.93970E-03
+444.00E-06,+84.42211E-03
+445.00E-06,+87.43718E-03
+446.00E-06,+84.42211E-03
+447.00E-06,+83.41708E-03
+448.00E-06,+84.42211E-03
+449.00E-06,+80.90452E-03
+450.00E-06,+83.41708E-03
+451.00E-06,+80.40201E-03
+452.00E-06,+80.40201E-03
+453.00E-06,+83.91960E-03
+454.00E-06,+83.91960E-03
+455.00E-06,+80.40201E-03
+456.00E-06,+80.40201E-03
+457.00E-06,+83.91960E-03
+458.00E-06,+83.91960E-03
+459.00E-06,+80.40201E-03
+460.00E-06,+80.40201E-03
+461.00E-06,+79.89950E-03
+462.00E-06,+80.40201E-03
+463.00E-06,+84.92462E-03
+464.00E-06,+76.88442E-03
+465.00E-06,+79.89950E-03
+466.00E-06,+80.40201E-03
+467.00E-06,+77.38693E-03
+468.00E-06,+76.38191E-03
+469.00E-06,+80.40201E-03
+470.00E-06,+79.89950E-03
+471.00E-06,+76.38191E-03
+472.00E-06,+79.39698E-03
+473.00E-06,+75.87940E-03
+474.00E-06,+79.89950E-03
+475.00E-06,+79.89950E-03
+476.00E-06,+75.87940E-03
+477.00E-06,+72.36181E-03
+478.00E-06,+72.36181E-03
+479.00E-06,+76.38191E-03
+480.00E-06,+76.38191E-03
+481.00E-06,+75.87940E-03
+482.00E-06,+72.36181E-03
+483.00E-06,+71.85930E-03
+484.00E-06,+72.36181E-03
+485.00E-06,+68.84422E-03
+486.00E-06,+72.36181E-03
+487.00E-06,+71.85930E-03
+488.00E-06,+68.34171E-03
+489.00E-06,+72.36181E-03
+490.00E-06,+65.32663E-03
+491.00E-06,+68.34171E-03
+492.00E-06,+67.83920E-03
+493.00E-06,+64.82412E-03
+494.00E-06,+75.37688E-03
+495.00E-06,+71.35678E-03
+496.00E-06,+68.34171E-03
+497.00E-06,+71.85930E-03
+498.00E-06,+71.35678E-03
+499.00E-06,+67.83920E-03
+500.00E-06,+68.34171E-03
+501.00E-06,+68.34171E-03
+502.00E-06,+68.34171E-03
+503.00E-06,+68.34171E-03
+504.00E-06,+61.80904E-03
+505.00E-06,+67.83920E-03
+506.00E-06,+67.83920E-03
+507.00E-06,+64.82412E-03
+508.00E-06,+67.83920E-03
+509.00E-06,+64.32161E-03
+510.00E-06,+68.34171E-03
+511.00E-06,+64.32161E-03
+512.00E-06,+67.83920E-03
+513.00E-06,+64.32161E-03
+514.00E-06,+64.32161E-03
+515.00E-06,+63.81909E-03
+516.00E-06,+63.81909E-03
+517.00E-06,+64.32161E-03
+518.00E-06,+64.32161E-03
+519.00E-06,+64.32161E-03
+520.00E-06,+64.32161E-03
+521.00E-06,+64.32161E-03
+522.00E-06,+64.32161E-03
+523.00E-06,+57.28643E-03
+524.00E-06,+64.82412E-03
+525.00E-06,+60.30151E-03
+526.00E-06,+63.81909E-03
+527.00E-06,+56.78392E-03
+528.00E-06,+59.79899E-03
+529.00E-06,+63.81909E-03
+530.00E-06,+60.30151E-03
+531.00E-06,+56.78392E-03
+532.00E-06,+60.30151E-03
+533.00E-06,+59.79899E-03
+534.00E-06,+60.30151E-03
+535.00E-06,+60.30151E-03
+536.00E-06,+53.26633E-03
+537.00E-06,+60.30151E-03
+538.00E-06,+56.78392E-03
+539.00E-06,+56.78392E-03
+540.00E-06,+60.30151E-03
+541.00E-06,+56.28141E-03
+542.00E-06,+56.78392E-03
+543.00E-06,+56.28141E-03
+544.00E-06,+56.78392E-03
+545.00E-06,+56.28141E-03
+546.00E-06,+56.28141E-03
+547.00E-06,+52.26131E-03
+548.00E-06,+52.26131E-03
+549.00E-06,+52.76382E-03
+550.00E-06,+56.28141E-03
+551.00E-06,+56.28141E-03
+552.00E-06,+52.26131E-03
+553.00E-06,+52.76382E-03
+554.00E-06,+56.28141E-03
+555.00E-06,+56.28141E-03
+556.00E-06,+55.77889E-03
+557.00E-06,+48.24121E-03
+558.00E-06,+48.74372E-03
+559.00E-06,+52.26131E-03
+560.00E-06,+52.26131E-03
+561.00E-06,+52.76382E-03
+562.00E-06,+52.26131E-03
+563.00E-06,+48.24121E-03
+564.00E-06,+45.22613E-03
+565.00E-06,+52.26131E-03
+566.00E-06,+48.74372E-03
+567.00E-06,+48.74372E-03
+568.00E-06,+55.27638E-03
+569.00E-06,+51.75879E-03
+570.00E-06,+48.74372E-03
+571.00E-06,+51.75879E-03
+572.00E-06,+48.24121E-03
+573.00E-06,+48.74372E-03
+574.00E-06,+52.26131E-03
+575.00E-06,+48.24121E-03
+576.00E-06,+51.75879E-03
+577.00E-06,+52.26131E-03
+578.00E-06,+47.73869E-03
+579.00E-06,+48.24121E-03
+580.00E-06,+52.26131E-03
+581.00E-06,+41.20603E-03
+582.00E-06,+44.22111E-03
+583.00E-06,+47.73869E-03
+584.00E-06,+48.24121E-03
+585.00E-06,+44.22111E-03
+586.00E-06,+48.24121E-03
+587.00E-06,+44.22111E-03
+588.00E-06,+44.22111E-03
+589.00E-06,+44.22111E-03
+590.00E-06,+48.74372E-03
+591.00E-06,+43.71859E-03
+592.00E-06,+40.70352E-03
+593.00E-06,+48.24121E-03
+594.00E-06,+47.23618E-03
+595.00E-06,+44.22111E-03
+596.00E-06,+43.71859E-03
+597.00E-06,+44.22111E-03
+598.00E-06,+43.71859E-03
+599.00E-06,+44.22111E-03
+600.00E-06,+44.22111E-03
+601.00E-06,+37.18593E-03
+602.00E-06,+40.70352E-03
+603.00E-06,+40.20100E-03
+604.00E-06,+37.18593E-03
+605.00E-06,+39.69849E-03
+606.00E-06,+44.22111E-03
+607.00E-06,+40.20100E-03
+608.00E-06,+43.71859E-03
+609.00E-06,+40.20100E-03
+610.00E-06,+36.18090E-03
+611.00E-06,+36.68342E-03
+612.00E-06,+40.20100E-03
+613.00E-06,+44.22111E-03
+614.00E-06,+39.69849E-03
+615.00E-06,+37.18593E-03
+616.00E-06,+36.18090E-03
+617.00E-06,+36.68342E-03
+618.00E-06,+43.21608E-03
+619.00E-06,+43.21608E-03
+620.00E-06,+36.68342E-03
+621.00E-06,+36.68342E-03
+622.00E-06,+39.69849E-03
+623.00E-06,+39.69849E-03
+624.00E-06,+36.68342E-03
+625.00E-06,+36.18090E-03
+626.00E-06,+36.18090E-03
+627.00E-06,+39.19598E-03
+628.00E-06,+39.69849E-03
+629.00E-06,+39.69849E-03
+630.00E-06,+36.18090E-03
+631.00E-06,+36.68342E-03
+632.00E-06,+32.66332E-03
+633.00E-06,+36.18090E-03
+634.00E-06,+39.69849E-03
+635.00E-06,+36.18090E-03
+636.00E-06,+36.68342E-03
+637.00E-06,+36.18090E-03
+638.00E-06,+32.66332E-03
+639.00E-06,+32.66332E-03
+640.00E-06,+36.18090E-03
+641.00E-06,+35.67839E-03
+642.00E-06,+32.16080E-03
+643.00E-06,+32.16080E-03
+644.00E-06,+35.67839E-03
+645.00E-06,+32.16080E-03
+646.00E-06,+32.66332E-03
+647.00E-06,+35.67839E-03
+648.00E-06,+29.14573E-03
+649.00E-06,+32.16080E-03
+650.00E-06,+35.67839E-03
+651.00E-06,+35.67839E-03
+652.00E-06,+31.65829E-03
+653.00E-06,+32.66332E-03
+654.00E-06,+32.16080E-03
+655.00E-06,+32.16080E-03
+656.00E-06,+32.16080E-03
+657.00E-06,+36.18090E-03
+658.00E-06,+32.16080E-03
+659.00E-06,+35.67839E-03
+660.00E-06,+32.16080E-03
+661.00E-06,+31.65829E-03
+662.00E-06,+28.64322E-03
+663.00E-06,+28.14070E-03
+664.00E-06,+28.14070E-03
+665.00E-06,+35.67839E-03
+666.00E-06,+31.65829E-03
+667.00E-06,+28.14070E-03
+668.00E-06,+28.14070E-03
+669.00E-06,+31.65829E-03
+670.00E-06,+31.65829E-03
+671.00E-06,+28.14070E-03
+672.00E-06,+27.63819E-03
+673.00E-06,+24.62312E-03
+674.00E-06,+28.64322E-03
+675.00E-06,+28.14070E-03
+676.00E-06,+28.64322E-03
+677.00E-06,+28.14070E-03
+678.00E-06,+24.62312E-03
+679.00E-06,+31.65829E-03
+680.00E-06,+28.14070E-03
+681.00E-06,+24.12060E-03
+682.00E-06,+28.14070E-03
+683.00E-06,+31.15578E-03
+684.00E-06,+28.14070E-03
+685.00E-06,+28.14070E-03
+686.00E-06,+24.12060E-03
+687.00E-06,+28.14070E-03
+688.00E-06,+25.12563E-03
+689.00E-06,+28.14070E-03
+690.00E-06,+24.62312E-03
+691.00E-06,+24.12060E-03
+692.00E-06,+24.62312E-03
+693.00E-06,+20.60301E-03
+694.00E-06,+21.10553E-03
+695.00E-06,+24.12060E-03
+696.00E-06,+23.61809E-03
+697.00E-06,+23.61809E-03
+698.00E-06,+28.14070E-03
+699.00E-06,+23.61809E-03
+700.00E-06,+24.12060E-03
+701.00E-06,+24.12060E-03
+702.00E-06,+24.12060E-03
+703.00E-06,+23.61809E-03
+704.00E-06,+27.63819E-03
+705.00E-06,+24.12060E-03
+706.00E-06,+24.12060E-03
+707.00E-06,+20.10050E-03
+708.00E-06,+20.60301E-03
+709.00E-06,+24.12060E-03
+710.00E-06,+20.10050E-03
+711.00E-06,+19.59799E-03
+712.00E-06,+20.10050E-03
+713.00E-06,+24.12060E-03
+714.00E-06,+23.61809E-03
+715.00E-06,+20.10050E-03
+716.00E-06,+20.10050E-03
+717.00E-06,+22.61307E-03
+718.00E-06,+20.60301E-03
+719.00E-06,+19.59799E-03
+720.00E-06,+23.61809E-03
+721.00E-06,+24.12060E-03
+722.00E-06,+27.13568E-03
+723.00E-06,+20.10050E-03
+724.00E-06,+16.08040E-03
+725.00E-06,+20.10050E-03
+726.00E-06,+19.59799E-03
+727.00E-06,+17.08543E-03
+728.00E-06,+20.10050E-03
+729.00E-06,+16.08040E-03
+730.00E-06,+19.59799E-03
+731.00E-06,+16.08040E-03
+732.00E-06,+23.61809E-03
+733.00E-06,+20.10050E-03
+734.00E-06,+20.10050E-03
+735.00E-06,+15.57789E-03
+736.00E-06,+20.10050E-03
+737.00E-06,+16.08040E-03
+738.00E-06,+19.59799E-03
+739.00E-06,+16.58291E-03
+740.00E-06,+23.11558E-03
+741.00E-06,+20.10050E-03
+742.00E-06,+19.59799E-03
+743.00E-06,+19.59799E-03
+744.00E-06,+16.08040E-03
+745.00E-06,+16.58291E-03
+746.00E-06,+20.10050E-03
+747.00E-06,+16.08040E-03
+748.00E-06,+19.59799E-03
+749.00E-06,+12.56281E-03
+750.00E-06,+12.06030E-03
+751.00E-06,+16.08040E-03
+752.00E-06,+9.04523E-03
+753.00E-06,+12.56281E-03
+754.00E-06,+15.57789E-03
+755.00E-06,+16.08040E-03
+756.00E-06,+12.56281E-03
+757.00E-06,+15.57789E-03
+758.00E-06,+16.08040E-03
+759.00E-06,+20.10050E-03
+760.00E-06,+16.08040E-03
+761.00E-06,+12.56281E-03
+762.00E-06,+16.58291E-03
+763.00E-06,+15.57789E-03
+764.00E-06,+15.07538E-03
+765.00E-06,+12.56281E-03
+766.00E-06,+16.08040E-03
+767.00E-06,+12.06030E-03
+768.00E-06,+12.06030E-03
+769.00E-06,+15.57789E-03
+770.00E-06,+12.56281E-03
+771.00E-06,+15.57789E-03
+772.00E-06,+12.56281E-03
+773.00E-06,+15.57789E-03
+774.00E-06,+12.06030E-03
+775.00E-06,+8.54271E-03
+776.00E-06,+12.06030E-03
+777.00E-06,+8.54271E-03
+778.00E-06,+15.57789E-03
+779.00E-06,+12.06030E-03
+780.00E-06,+8.04020E-03
+781.00E-06,+12.06030E-03
+782.00E-06,+12.06030E-03
+783.00E-06,+12.06030E-03
+784.00E-06,+12.06030E-03
+785.00E-06,+8.54271E-03
+786.00E-06,+11.55779E-03
+787.00E-06,+8.54271E-03
+788.00E-06,+12.06030E-03
+789.00E-06,+8.54271E-03
+790.00E-06,+12.06030E-03
+791.00E-06,+8.54271E-03
+792.00E-06,+8.54271E-03
+793.00E-06,+12.06030E-03
+794.00E-06,+11.55779E-03
+795.00E-06,+8.54271E-03
+796.00E-06,+12.06030E-03
+797.00E-06,+8.54271E-03
+798.00E-06,+8.04020E-03
+799.00E-06,+11.55779E-03
+800.00E-06,+4.02010E-03
+801.00E-06,+4.52261E-03
+802.00E-06,+8.04020E-03
+803.00E-06,+11.05528E-03
+804.00E-06,+8.04020E-03
+805.00E-06,+8.04020E-03
+806.00E-06,+8.04020E-03
+807.00E-06,+11.55779E-03
+808.00E-06,+4.52261E-03
+809.00E-06,+12.06030E-03
+810.00E-06,+8.54271E-03
+811.00E-06,+8.04020E-03
+812.00E-06,+11.55779E-03
+813.00E-06,+11.55779E-03
+814.00E-06,+8.04020E-03
+815.00E-06,+8.54271E-03
+816.00E-06,+8.04020E-03
+817.00E-06,+8.54271E-03
+818.00E-06,+8.04020E-03
+819.00E-06,+8.54271E-03
+820.00E-06,+4.02010E-03
+821.00E-06,+8.04020E-03
+822.00E-06,+4.52261E-03
+823.00E-06,+8.04020E-03
+824.00E-06,+7.53769E-03
+825.00E-06,+7.53769E-03
+826.00E-06,+7.53769E-03
+827.00E-06,+4.52261E-03
+828.00E-06,+7.53769E-03
+829.00E-06,+7.53769E-03
+830.00E-06,+4.02010E-03
+831.00E-06,+7.53769E-03
+832.00E-06,+8.04020E-03
+833.00E-06,+4.02010E-03
+834.00E-06,+7.53769E-03
+835.00E-06,+502.51E-06
+836.00E-06,+4.02010E-03
+837.00E-06,+4.02010E-03
+838.00E-06,+4.52261E-03
+839.00E-06,+5.02513E-03
+840.00E-06,+4.02010E-03
+841.00E-06,+4.02010E-03
+842.00E-06,+4.52261E-03
+843.00E-06,+7.53769E-03
+844.00E-06,+7.53769E-03
+845.00E-06,+4.02010E-03
+846.00E-06,+4.02010E-03
+847.00E-06,+7.03518E-03
+848.00E-06,+4.52261E-03
+849.00E-06,+0.0E+00
+850.00E-06,+3.51759E-03
+851.00E-06,+8.04020E-03
+852.00E-06,+8.04020E-03
+853.00E-06,+4.02010E-03
+854.00E-06,+4.02010E-03
+855.00E-06,+4.02010E-03
+856.00E-06,+8.04020E-03
+857.00E-06,+4.02010E-03
+858.00E-06,+4.02010E-03
+859.00E-06,+502.51E-06
+860.00E-06,+4.52261E-03
+861.00E-06,+1.00503E-03
+862.00E-06,+4.02010E-03
+863.00E-06,+4.02010E-03
+864.00E-06,+7.53769E-03
+865.00E-06,+3.51759E-03
+866.00E-06,+0.0E+00
+867.00E-06,+4.02010E-03
+868.00E-06,+3.51759E-03
+869.00E-06,+0.0E+00
+870.00E-06,+4.52261E-03
+871.00E-06,+4.02010E-03
+872.00E-06,+4.02010E-03
+873.00E-06,+502.51E-06
+874.00E-06,+4.02010E-03
+875.00E-06,+4.02010E-03
+876.00E-06,+1.00503E-03
+877.00E-06,+4.02010E-03
+878.00E-06,+7.03518E-03
+879.00E-06,+502.51E-06
+880.00E-06,+4.02010E-03
+881.00E-06,+0.0E+00
+882.00E-06,+0.0E+00
+883.00E-06,+0.0E+00
+884.00E-06,-3.01508E-03
+885.00E-06,-502.51E-06
+886.00E-06,+0.0E+00
+887.00E-06,+4.02010E-03
+888.00E-06,+3.51759E-03
+889.00E-06,+0.0E+00
+890.00E-06,+0.0E+00
+891.00E-06,+0.0E+00
+892.00E-06,+3.51759E-03
+893.00E-06,+502.51E-06
+894.00E-06,+6.53266E-03
+895.00E-06,+0.0E+00
+896.00E-06,-502.51E-06
+897.00E-06,+502.51E-06
+898.00E-06,+502.51E-06
+899.00E-06,+0.0E+00
+900.00E-06,+502.51E-06
+901.00E-06,+0.0E+00
+902.00E-06,+3.51759E-03
+903.00E-06,+0.0E+00
+904.00E-06,+1.00503E-03
+905.00E-06,+502.51E-06
+906.00E-06,+7.53769E-03
+907.00E-06,+4.02010E-03
+908.00E-06,+0.0E+00
+909.00E-06,-4.02010E-03
+910.00E-06,+4.02010E-03
+911.00E-06,+3.51759E-03
+912.00E-06,+4.02010E-03
+913.00E-06,+4.52261E-03
+914.00E-06,+3.51759E-03
+915.00E-06,+0.0E+00
+916.00E-06,+0.0E+00
+917.00E-06,+0.0E+00
+918.00E-06,+502.51E-06
+919.00E-06,+502.51E-06
+920.00E-06,+502.51E-06
+921.00E-06,+4.02010E-03
+922.00E-06,+4.02010E-03
+923.00E-06,+0.0E+00
+924.00E-06,+4.52261E-03
+925.00E-06,+4.02010E-03
+926.00E-06,+4.02010E-03
+927.00E-06,+0.0E+00
+928.00E-06,+502.51E-06
+929.00E-06,+502.51E-06
+930.00E-06,+502.51E-06
+931.00E-06,+0.0E+00
+932.00E-06,+502.51E-06
+933.00E-06,+3.01508E-03
+934.00E-06,+502.51E-06
+935.00E-06,+3.51759E-03
+936.00E-06,+3.51759E-03
+937.00E-06,+3.51759E-03
+938.00E-06,+4.02010E-03
+939.00E-06,+3.01508E-03
+940.00E-06,+0.0E+00
+941.00E-06,+502.51E-06
+942.00E-06,+0.0E+00
+943.00E-06,+0.0E+00
+944.00E-06,+502.51E-06
+945.00E-06,+502.51E-06
+946.00E-06,+502.51E-06
+947.00E-06,+0.0E+00
+948.00E-06,+502.51E-06
+949.00E-06,-3.51759E-03
+950.00E-06,+4.02010E-03
+951.00E-06,+3.51759E-03
+952.00E-06,+502.51E-06
+953.00E-06,+4.02010E-03
+954.00E-06,+3.51759E-03
+955.00E-06,+4.02010E-03
+956.00E-06,+4.02010E-03
+957.00E-06,+0.0E+00
+958.00E-06,+3.51759E-03
+959.00E-06,+0.0E+00
+960.00E-06,+0.0E+00
+961.00E-06,-3.01508E-03
+962.00E-06,+3.51759E-03
+963.00E-06,+0.0E+00
+964.00E-06,+3.51759E-03
+965.00E-06,+4.02010E-03
+966.00E-06,-3.01508E-03
+967.00E-06,-3.51759E-03
+968.00E-06,-3.01508E-03
+969.00E-06,-502.51E-06
+970.00E-06,+502.51E-06
+971.00E-06,+4.02010E-03
+972.00E-06,+4.02010E-03
+973.00E-06,+502.51E-06
+974.00E-06,-3.01508E-03
+975.00E-06,+0.0E+00
+976.00E-06,+4.02010E-03
+977.00E-06,+0.0E+00
+978.00E-06,+0.0E+00
+979.00E-06,+4.02010E-03
+980.00E-06,+3.51759E-03
+981.00E-06,-502.51E-06
+982.00E-06,+0.0E+00
+983.00E-06,+502.51E-06
+984.00E-06,+0.0E+00
+985.00E-06,+502.51E-06
+986.00E-06,+3.51759E-03
+987.00E-06,+0.0E+00
+988.00E-06,+0.0E+00
+989.00E-06,+0.0E+00
+990.00E-06,+0.0E+00
+991.00E-06,+4.02010E-03
+992.00E-06,+3.51759E-03
+993.00E-06,+3.51759E-03
+994.00E-06,-3.01508E-03
+995.00E-06,+502.51E-06
+996.00E-06,+502.51E-06
+997.00E-06,+4.02010E-03
+998.00E-06,+3.51759E-03
+999.00E-06,+502.51E-06
+1.00000E-03,-502.51E-06
+1.00100E-03,+0.0E+00
+1.00200E-03,+3.51759E-03
+1.00300E-03,+3.51759E-03
